{"subject": "liupr", "comment": "hahaha...", "timestamp": 1659409689973, "acc": 0.879, "time": "[1,2]", "frequency": "[8,13]"}
{"subject": "liurh", "comment": "ganmaya", "timestamp": 1659414367580, "acc": 0.899, "time": "[1,2]", "frequency": "[8,13]"}
{"subject": "liurh", "method": "csp", "time": "[1,2]", "frequency": "[8,13]", "acc": 0.139, "timestamp": 1659414367580, "comment": "Accuracy is 0.139"}
{"subject": "somebody", "method": "csp", "time": "[1,2]", "frequency": "[8,30]", "acc": 0.167, "timestamp": 1661416499, "comment": "Accuracy is 0.87, time=[1, 2], freq=[8, 30]"}
